,count,mean,std,min,25%,50%,75%,max
Age,2009.0,49.26381284221006,17.421739910547693,20.0,35.0,49.0,63.0,80.0
WaistCirc,2009.0,98.52414136386261,16.306347588751617,63.1,86.9,97.1,107.8,170.5
BMI,2009.0,28.733499253359884,6.580321816544176,15.7,24.1,27.7,32.1,68.7
UrAlbCr,2009.0,42.25337481333997,241.41990259872173,1.4,4.46,6.96,13.49,4462.81
UricAcid,2009.0,5.491488302638128,1.4288651449934782,1.8,4.5,5.4,6.4,11.3
BloodGlucose,2009.0,108.00846192135391,33.636746353544055,39.0,92.0,100.0,110.0,382.0
HDL,2009.0,53.55102040816327,15.01232926909568,14.0,43.0,51.0,62.0,150.0
Triglycerides,2009.0,126.89298158287706,89.8184700674596,26.0,75.0,103.0,149.0,1311.0
